filename,N,S
100_2.jpg,0,1
100_3.jpg,0,1
101_2.jpg,0,1
101_3.jpg,0,1
101_6.jpg,0,1
101_7.jpg,0,1
101_8.jpg,0,1
102_3.jpg,0,1
102_4.jpg,0,1
102_5.jpg,0,1
103_2.jpg,0,1
103_3.jpg,0,1
103_5.jpg,0,1
104_1.jpg,0,1
104_2.jpg,0,1
104_3.jpg,0,1
104_4.jpg,0,1
104_5.jpg,0,1
105_1.jpg,0,1
105_3.jpg,0,1
105_4.jpg,0,1
105_5.jpg,0,1
106_1.jpg,0,1
106_2.jpg,0,1
106_3.jpg,0,1
106_4.jpg,0,1
106_5.jpg,0,1
106_6.jpg,0,1
107_1.jpg,0,1
107_2.jpg,0,1
107_3.jpg,0,1
107_4.jpg,0,1
107_5.jpg,0,1
107_6.jpg,0,1
107_7.jpg,0,1
107_8.jpg,0,1
108_2.jpg,0,1
108_3.jpg,0,1
108_4.jpg,0,1
108_5.jpg,0,1
109_1.jpg,0,1
109_2.jpg,0,1
109_3.jpg,0,1
109_4.jpg,0,1
109_5.jpg,0,1
109_6.jpg,0,1
109_7.jpg,0,1
109_8.jpg,0,1
10_1.jpg,0,1
10_2.jpg,0,1
10_3.jpg,0,1
10_5.jpg,0,1
110_1.jpg,0,1
110_2.jpg,0,1
110_3.jpg,0,1
110_4.jpg,0,1
110_5.jpg,0,1
110_6.jpg,0,1
110_7.jpg,0,1
110_8.jpg,0,1
110_9.jpg,0,1
111_1.jpg,0,1
111_2.jpg,0,1
111_3.jpg,0,1
111_4.jpg,0,1
111_5.jpg,0,1
111_6.jpg,0,1
111_7.jpg,0,1
111_8.jpg,0,1
111_9.jpg,0,1
112_1.jpg,0,1
112_2.jpg,0,1
112_3.jpg,0,1
112_4.jpg,0,1
112_5.jpg,0,1
112_6.jpg,0,1
112_7.jpg,0,1
113_1.jpg,0,1
113_2.jpg,0,1
113_3.jpg,0,1
113_4.jpg,0,1
113_5.jpg,0,1
114_1.jpg,0,1
114_2.jpg,0,1
114_3.jpg,0,1
114_4.jpg,0,1
114_5.jpg,0,1
114_6.jpg,0,1
114_7.jpg,0,1
115_2.jpg,0,1
115_3.jpg,0,1
115_5.jpg,0,1
116_1.jpg,0,1
116_3.jpg,0,1
116_4.jpg,0,1
116_5.jpg,0,1
117_1.jpg,0,1
117_3.jpg,0,1
117_5.jpg,0,1
117_6.jpg,0,1
117_7.jpg,0,1
118_1.jpg,0,1
118_2.jpg,0,1
118_3.jpg,0,1
118_4.jpg,0,1
118_5.jpg,0,1
118_6.jpg,0,1
119_1.jpg,0,1
119_2.jpg,0,1
119_3.jpg,0,1
119_4.jpg,0,1
119_5.jpg,0,1
11_1.jpg,0,1
11_2.jpg,0,1
11_3.jpg,0,1
11_4.jpg,0,1
11_5.jpg,0,1
11_6.jpg,0,1
11_7.jpg,0,1
11_8.jpg,0,1
120_2.jpg,0,1
120_3.jpg,0,1
120_6.jpg,0,1
120_9.jpg,0,1
121_2.jpg,0,1
121_3.jpg,0,1
121_6.jpg,0,1
121_7.jpg,0,1
121_8.jpg,0,1
121_9.jpg,0,1
122_1.jpg,0,1
122_2.jpg,0,1
122_3.jpg,0,1
122_4.jpg,0,1
122_5.jpg,0,1
122_6.jpg,0,1
123_1.jpg,0,1
123_2.jpg,0,1
123_3.jpg,0,1
123_4.jpg,0,1
123_5.jpg,0,1
123_7.jpg,0,1
123_8.jpg,0,1
123_9.jpg,0,1
124_1.jpg,0,1
124_2.jpg,0,1
124_3.jpg,0,1
124_4.jpg,0,1
125_1.jpg,0,1
125_2.jpg,0,1
125_4.jpg,0,1
125_5.jpg,0,1
126_1.jpg,0,1
126_2.jpg,0,1
126_4.jpg,0,1
126_5.jpg,0,1
127_1.jpg,0,1
127_2.jpg,0,1
127_4.jpg,0,1
128_1.jpg,0,1
128_3.jpg,0,1
128_4.jpg,0,1
128_5.jpg,0,1
128_6.jpg,0,1
128_7.jpg,0,1
128_8.jpg,0,1
128_9.jpg,0,1
129_1.jpg,0,1
129_2.jpg,0,1
129_3.jpg,0,1
129_4.jpg,0,1
129_5.jpg,0,1
129_6.jpg,0,1
129_7.jpg,0,1
129_8.jpg,0,1
12_1.jpg,0,1
12_2.jpg,0,1
12_3.jpg,0,1
12_4.jpg,0,1
12_5.jpg,0,1
12_6.jpg,0,1
12_7.jpg,0,1
12_8.jpg,0,1
12_9.jpg,0,1
130_1.jpg,0,1
130_2.jpg,0,1
130_3.jpg,0,1
130_5.jpg,0,1
130_6.jpg,0,1
131_1.jpg,0,1
131_2.jpg,0,1
131_3.jpg,0,1
131_4.jpg,0,1
131_5.jpg,0,1
131_6.jpg,0,1
131_7.jpg,0,1
132_2.jpg,0,1
132_3.jpg,0,1
133_1.jpg,0,1
133_2.jpg,0,1
133_3.jpg,0,1
133_4.jpg,0,1
133_5.jpg,0,1
133_6.jpg,0,1
133_7.jpg,0,1
134_1.jpg,0,1
134_2.jpg,0,1
134_3.jpg,0,1
134_4.jpg,0,1
134_5.jpg,0,1
134_6.jpg,0,1
134_7.jpg,0,1
134_8.jpg,0,1
134_9.jpg,0,1
135_1.jpg,0,1
135_2.jpg,0,1
135_3.jpg,0,1
135_5.jpg,0,1
135_6.jpg,0,1
135_7.jpg,0,1
136_1.jpg,0,1
136_2.jpg,0,1
136_3.jpg,0,1
136_4.jpg,0,1
136_5.jpg,0,1
136_6.jpg,0,1
137_1.jpg,0,1
137_2.jpg,0,1
137_3.jpg,0,1
137_4.jpg,0,1
137_5.jpg,0,1
138_2.jpg,0,1
138_3.jpg,0,1
139_1.jpg,0,1
139_2.jpg,0,1
139_3.jpg,0,1
139_4.jpg,0,1
139_5.jpg,0,1
139_6.jpg,0,1
139_7.jpg,0,1
139_8.jpg,0,1
139_9.jpg,0,1
13_1.jpg,0,1
13_2.jpg,0,1
13_4.jpg,0,1
13_5.jpg,0,1
13_6.jpg,0,1
140_1.jpg,0,1
140_2.jpg,0,1
140_3.jpg,0,1
140_4.jpg,0,1
140_5.jpg,0,1
140_6.jpg,0,1
141_1.jpg,0,1
141_2.jpg,0,1
141_3.jpg,0,1
141_4.jpg,0,1
141_5.jpg,0,1
141_6.jpg,0,1
141_7.jpg,0,1
141_8.jpg,0,1
141_9.jpg,0,1
142_1.jpg,1,0
142_2.jpg,1,0
142_3.jpg,1,0
142_4.jpg,1,0
142_5.jpg,1,0
143_1.jpg,1,0
143_2.jpg,1,0
143_3.jpg,1,0
143_4.jpg,1,0
143_5.jpg,1,0
144_1.jpg,1,0
144_2.jpg,1,0
144_3.jpg,1,0
144_4.jpg,1,0
144_6.jpg,1,0
144_7.jpg,1,0
145_2.jpg,1,0
145_3.jpg,1,0
145_4.jpg,1,0
145_5.jpg,1,0
146_1.jpg,1,0
146_2.jpg,1,0
146_4.jpg,1,0
146_5.jpg,1,0
146_8.jpg,1,0
146_9.jpg,1,0
147_1.jpg,1,0
147_3.jpg,1,0
147_4.jpg,1,0
147_5.jpg,1,0
147_6.jpg,1,0
148_1.jpg,1,0
148_2.jpg,1,0
148_3.jpg,1,0
148_4.jpg,1,0
148_5.jpg,1,0
148_6.jpg,1,0
149_1.jpg,1,0
149_2.jpg,1,0
149_3.jpg,1,0
149_4.jpg,1,0
149_5.jpg,1,0
149_6.jpg,1,0
149_7.jpg,1,0
149_8.jpg,1,0
14_1.jpg,0,1
14_2.jpg,0,1
14_3.jpg,0,1
14_4.jpg,0,1
14_5.jpg,0,1
14_6.jpg,0,1
14_8.jpg,0,1
150_1.jpg,1,0
150_2.jpg,1,0
150_3.jpg,1,0
150_4.jpg,1,0
150_5.jpg,1,0
150_6.jpg,1,0
150_8.jpg,1,0
151_1.jpg,1,0
151_3.jpg,1,0
151_4.jpg,1,0
151_5.jpg,1,0
152_1.jpg,1,0
152_2.jpg,1,0
152_3.jpg,1,0
152_4.jpg,1,0
152_6.jpg,1,0
152_7.jpg,1,0
153_4.jpg,1,0
153_5.jpg,1,0
153_6.jpg,1,0
153_7.jpg,1,0
153_8.jpg,1,0
154_1.jpg,1,0
154_2.jpg,1,0
154_3.jpg,1,0
154_4.jpg,1,0
154_5.jpg,1,0
154_6.jpg,1,0
154_7.jpg,1,0
154_8.jpg,1,0
154_9.jpg,1,0
155_1.jpg,1,0
155_2.jpg,1,0
155_3.jpg,1,0
155_4.jpg,1,0
155_6.jpg,1,0
155_7.jpg,1,0
155_8.jpg,1,0
155_9.jpg,1,0
156_1.jpg,1,0
156_2.jpg,1,0
156_4.jpg,1,0
156_5.jpg,1,0
156_6.jpg,1,0
156_7.jpg,1,0
157_1.jpg,1,0
157_2.jpg,1,0
157_3.jpg,1,0
157_4.jpg,1,0
157_5.jpg,1,0
158_1.jpg,1,0
158_2.jpg,1,0
158_3.jpg,1,0
158_4.jpg,1,0
158_5.jpg,1,0
159_1.jpg,1,0
159_2.jpg,1,0
159_4.jpg,1,0
159_6.jpg,1,0
15_1.jpg,0,1
15_2.jpg,0,1
15_3.jpg,0,1
15_4.jpg,0,1
15_5.jpg,0,1
15_6.jpg,0,1
15_7.jpg,0,1
160_3.jpg,1,0
160_4.jpg,1,0
160_5.jpg,1,0
160_6.jpg,1,0
160_7.jpg,1,0
161_1.jpg,1,0
161_2.jpg,1,0
161_3.jpg,1,0
161_4.jpg,1,0
161_5.jpg,1,0
161_6.jpg,1,0
161_7.jpg,1,0
161_8.jpg,1,0
161_9.jpg,1,0
162_1.jpg,1,0
162_2.jpg,1,0
162_3.jpg,1,0
162_4.jpg,1,0
162_5.jpg,1,0
162_6.jpg,1,0
162_7.jpg,1,0
163_1.jpg,1,0
163_2.jpg,1,0
163_3.jpg,1,0
163_4.jpg,1,0
163_5.jpg,1,0
163_6.jpg,1,0
164_2.jpg,1,0
164_4.jpg,1,0
164_5.jpg,1,0
164_6.jpg,1,0
165_1.jpg,1,0
165_2.jpg,1,0
165_3.jpg,1,0
165_4.jpg,1,0
165_5.jpg,1,0
165_6.jpg,1,0
165_7.jpg,1,0
166_1.jpg,1,0
166_3.jpg,1,0
166_4.jpg,1,0
166_5.jpg,1,0
167_1.jpg,1,0
167_2.jpg,1,0
167_3.jpg,1,0
167_4.jpg,1,0
167_5.jpg,1,0
168_1.jpg,1,0
168_2.jpg,1,0
168_3.jpg,1,0
168_4.jpg,1,0
168_5.jpg,1,0
169_1.jpg,1,0
169_4.jpg,1,0
169_5.jpg,1,0
16_1.jpg,0,1
16_2.jpg,0,1
16_5.jpg,0,1
16_6.jpg,0,1
16_7.jpg,0,1
16_8.jpg,0,1
16_9.jpg,0,1
170_1.jpg,1,0
170_2.jpg,1,0
170_3.jpg,1,0
170_4.jpg,1,0
170_5.jpg,1,0
170_6.jpg,1,0
170_7.jpg,1,0
170_8.jpg,1,0
171_1.jpg,1,0
171_2.jpg,1,0
171_4.jpg,1,0
171_5.jpg,1,0
171_6.jpg,1,0
171_7.jpg,1,0
171_8.jpg,1,0
172_1.jpg,1,0
172_6.jpg,1,0
173_1.jpg,1,0
173_2.jpg,1,0
173_3.jpg,1,0
173_4.jpg,1,0
173_5.jpg,1,0
173_6.jpg,1,0
173_9.jpg,1,0
174_1.jpg,1,0
174_2.jpg,1,0
174_4.jpg,1,0
174_5.jpg,1,0
175_1.jpg,1,0
175_3.jpg,1,0
176_1.jpg,1,0
176_2.jpg,1,0
176_3.jpg,1,0
176_4.jpg,1,0
176_5.jpg,1,0
176_6.jpg,1,0
177_2.jpg,1,0
177_3.jpg,1,0
177_5.jpg,1,0
178_3.jpg,1,0
178_4.jpg,1,0
179_1.jpg,1,0
179_2.jpg,1,0
179_3.jpg,1,0
179_4.jpg,1,0
179_5.jpg,1,0
17_1.jpg,0,1
17_2.jpg,0,1
17_3.jpg,0,1
17_4.jpg,0,1
17_5.jpg,0,1
17_6.jpg,0,1
17_7.jpg,0,1
17_8.jpg,0,1
17_9.jpg,0,1
180_1.jpg,1,0
180_3.jpg,1,0
180_5.jpg,1,0
181_1.jpg,1,0
181_2.jpg,1,0
181_3.jpg,1,0
181_4.jpg,1,0
181_5.jpg,1,0
182_1.jpg,1,0
182_2.jpg,1,0
182_3.jpg,1,0
182_5.jpg,1,0
183_1.jpg,1,0
183_2.jpg,1,0
183_3.jpg,1,0
183_4.jpg,1,0
184_1.jpg,1,0
184_3.jpg,1,0
184_7.jpg,1,0
185_1.jpg,1,0
185_2.jpg,1,0
185_4.jpg,1,0
185_5.jpg,1,0
185_6.jpg,1,0
186_1.jpg,1,0
186_2.jpg,1,0
186_3.jpg,1,0
186_4.jpg,1,0
186_5.jpg,1,0
186_6.jpg,1,0
186_7.jpg,1,0
186_8.jpg,1,0
187_2.jpg,1,0
187_3.jpg,1,0
187_4.jpg,1,0
187_5.jpg,1,0
187_6.jpg,1,0
187_7.jpg,1,0
187_8.jpg,1,0
188_1.jpg,1,0
188_2.jpg,1,0
188_3.jpg,1,0
188_4.jpg,1,0
189_1.jpg,1,0
189_2.jpg,1,0
189_3.jpg,1,0
189_4.jpg,1,0
189_5.jpg,1,0
189_6.jpg,1,0
189_7.jpg,1,0
18_1.jpg,0,1
18_2.jpg,0,1
18_3.jpg,0,1
18_5.jpg,0,1
18_6.jpg,0,1
18_7.jpg,0,1
190_1.jpg,1,0
190_2.jpg,1,0
190_3.jpg,1,0
190_5.jpg,1,0
190_7.jpg,1,0
190_8.jpg,1,0
191_3.jpg,1,0
191_5.jpg,1,0
192_1.jpg,1,0
192_2.jpg,1,0
192_3.jpg,1,0
192_4.jpg,1,0
192_5.jpg,1,0
193_1.jpg,1,0
193_2.jpg,1,0
193_3.jpg,1,0
193_4.jpg,1,0
193_5.jpg,1,0
194_1.jpg,1,0
194_2.jpg,1,0
194_3.jpg,1,0
194_4.jpg,1,0
194_5.jpg,1,0
195_4.jpg,1,0
195_5.jpg,1,0
196_4.jpg,1,0
197_4.jpg,1,0
198_1.jpg,1,0
198_2.jpg,1,0
198_3.jpg,1,0
198_4.jpg,1,0
198_5.jpg,1,0
198_6.jpg,1,0
199_1.jpg,1,0
199_2.jpg,1,0
199_3.jpg,1,0
199_5.jpg,1,0
199_6.jpg,1,0
199_7.jpg,1,0
199_8.jpg,1,0
19_1.jpg,0,1
19_2.jpg,0,1
19_3.jpg,0,1
19_4.jpg,0,1
19_5.jpg,0,1
19_6.jpg,0,1
19_7.jpg,0,1
19_9.jpg,0,1
1_1.jpg,0,1
1_2.jpg,0,1
1_3.jpg,0,1
201_1.jpg,1,0
201_2.jpg,1,0
201_5.jpg,1,0
201_6.jpg,1,0
201_9.jpg,1,0
202_1.jpg,1,0
202_3.jpg,1,0
202_4.jpg,1,0
202_5.jpg,1,0
202_6.jpg,1,0
202_7.jpg,1,0
202_8.jpg,1,0
202_9.jpg,1,0
203_1.jpg,1,0
203_2.jpg,1,0
203_4.jpg,1,0
203_5.jpg,1,0
203_6.jpg,1,0
203_7.jpg,1,0
203_8.jpg,1,0
203_9.jpg,1,0
204_1.jpg,1,0
204_2.jpg,1,0
204_3.jpg,1,0
204_4.jpg,1,0
204_5.jpg,1,0
204_6.jpg,1,0
204_7.jpg,1,0
204_8.jpg,1,0
204_9.jpg,1,0
206_1.jpg,1,0
206_2.jpg,1,0
206_3.jpg,1,0
206_4.jpg,1,0
206_5.jpg,1,0
206_6.jpg,1,0
206_7.jpg,1,0
206_8.jpg,1,0
206_9.jpg,1,0
207_1.jpg,1,0
207_2.jpg,1,0
207_3.jpg,1,0
207_4.jpg,1,0
207_8.jpg,1,0
207_9.jpg,1,0
208_2.jpg,1,0
208_4.jpg,1,0
208_6.jpg,1,0
208_8.jpg,1,0
208_9.jpg,1,0
209_1.jpg,1,0
209_3.jpg,1,0
209_4.jpg,1,0
209_5.jpg,1,0
209_7.jpg,1,0
209_8.jpg,1,0
209_9.jpg,1,0
20_1.jpg,0,1
20_2.jpg,0,1
20_4.jpg,0,1
20_5.jpg,0,1
210_1.jpg,1,0
210_3.jpg,1,0
210_4.jpg,1,0
210_5.jpg,1,0
210_7.jpg,1,0
210_8.jpg,1,0
210_9.jpg,1,0
211_1.jpg,1,0
211_2.jpg,1,0
211_3.jpg,1,0
211_4.jpg,1,0
211_6.jpg,1,0
211_8.jpg,1,0
211_9.jpg,1,0
212_1.jpg,1,0
212_2.jpg,1,0
212_3.jpg,1,0
212_4.jpg,1,0
212_5.jpg,1,0
212_6.jpg,1,0
212_7.jpg,1,0
212_8.jpg,1,0
212_9.jpg,1,0
213_1.jpg,1,0
213_3.jpg,1,0
213_4.jpg,1,0
213_6.jpg,1,0
213_8.jpg,1,0
213_9.jpg,1,0
214_1.jpg,1,0
214_2.jpg,1,0
214_3.jpg,1,0
214_4.jpg,1,0
214_5.jpg,1,0
214_6.jpg,1,0
214_7.jpg,1,0
214_8.jpg,1,0
214_9.jpg,1,0
215_1.jpg,1,0
215_2.jpg,1,0
215_3.jpg,1,0
215_4.jpg,1,0
215_5.jpg,1,0
215_6.jpg,1,0
215_7.jpg,1,0
215_9.jpg,1,0
216_1.jpg,1,0
216_2.jpg,1,0
216_3.jpg,1,0
216_4.jpg,1,0
216_5.jpg,1,0
216_6.jpg,1,0
217_1.jpg,1,0
217_2.jpg,1,0
217_4.jpg,1,0
217_6.jpg,1,0
217_7.jpg,1,0
217_8.jpg,1,0
218_1.jpg,1,0
218_2.jpg,1,0
218_6.jpg,1,0
218_7.jpg,1,0
218_8.jpg,1,0
218_9.jpg,1,0
219_1.jpg,1,0
219_2.jpg,1,0
219_3.jpg,1,0
219_4.jpg,1,0
219_5.jpg,1,0
219_6.jpg,1,0
219_7.jpg,1,0
219_8.jpg,1,0
219_9.jpg,1,0
21_1.jpg,0,1
21_2.jpg,0,1
21_4.jpg,0,1
21_5.jpg,0,1
220_1.jpg,1,0
220_2.jpg,1,0
220_3.jpg,1,0
220_5.jpg,1,0
220_6.jpg,1,0
220_7.jpg,1,0
220_8.jpg,1,0
220_9.jpg,1,0
221_1.jpg,1,0
221_2.jpg,1,0
221_3.jpg,1,0
221_5.jpg,1,0
221_6.jpg,1,0
222_1.jpg,1,0
222_2.jpg,1,0
222_3.jpg,1,0
222_4.jpg,1,0
222_5.jpg,1,0
222_6.jpg,1,0
222_7.jpg,1,0
222_8.jpg,1,0
222_9.jpg,1,0
223_1.jpg,1,0
223_2.jpg,1,0
223_3.jpg,1,0
223_4.jpg,1,0
223_5.jpg,1,0
223_6.jpg,1,0
223_7.jpg,1,0
223_8.jpg,1,0
223_9.jpg,1,0
224_4.jpg,1,0
225_1.jpg,1,0
225_2.jpg,1,0
225_3.jpg,1,0
225_4.jpg,1,0
225_5.jpg,1,0
225_6.jpg,1,0
225_7.jpg,1,0
225_8.jpg,1,0
225_9.jpg,1,0
226_2.jpg,1,0
226_7.jpg,1,0
227_1.jpg,1,0
227_2.jpg,1,0
227_3.jpg,1,0
227_4.jpg,1,0
227_5.jpg,1,0
228_1.jpg,1,0
228_2.jpg,1,0
228_3.jpg,1,0
228_4.jpg,1,0
228_5.jpg,1,0
229_1.jpg,1,0
229_2.jpg,1,0
229_3.jpg,1,0
229_6.jpg,1,0
22_1.jpg,0,1
22_2.jpg,0,1
22_4.jpg,0,1
22_5.jpg,0,1
22_6.jpg,0,1
22_7.jpg,0,1
22_8.jpg,0,1
22_9.jpg,0,1
230_1.jpg,1,0
230_3.jpg,1,0
230_5.jpg,1,0
230_6.jpg,1,0
230_7.jpg,1,0
230_9.jpg,1,0
231_1.jpg,1,0
231_2.jpg,1,0
231_3.jpg,1,0
231_4.jpg,1,0
231_6.jpg,1,0
231_7.jpg,1,0
231_8.jpg,1,0
231_9.jpg,1,0
232_1.jpg,1,0
232_2.jpg,1,0
232_3.jpg,1,0
232_4.jpg,1,0
232_6.jpg,1,0
232_7.jpg,1,0
232_8.jpg,1,0
233_2.jpg,1,0
234_2.jpg,1,0
234_3.jpg,1,0
234_4.jpg,1,0
234_7.jpg,1,0
235_2.jpg,1,0
235_3.jpg,1,0
235_4.jpg,1,0
235_5.jpg,1,0
235_6.jpg,1,0
235_7.jpg,1,0
235_8.jpg,1,0
236_1.jpg,1,0
236_2.jpg,1,0
236_4.jpg,1,0
236_6.jpg,1,0
236_7.jpg,1,0
236_8.jpg,1,0
236_9.jpg,1,0
237_1.jpg,1,0
237_2.jpg,1,0
237_3.jpg,1,0
237_4.jpg,1,0
237_5.jpg,1,0
237_6.jpg,1,0
237_7.jpg,1,0
237_8.jpg,1,0
238_1.jpg,1,0
238_4.jpg,1,0
238_5.jpg,1,0
238_7.jpg,1,0
238_8.jpg,1,0
239_1.jpg,1,0
239_4.jpg,1,0
239_7.jpg,1,0
23_1.jpg,0,1
23_3.jpg,0,1
23_5.jpg,0,1
23_6.jpg,0,1
23_7.jpg,0,1
23_8.jpg,0,1
23_9.jpg,0,1
240_1.jpg,1,0
240_2.jpg,1,0
240_3.jpg,1,0
240_4.jpg,1,0
240_5.jpg,1,0
240_6.jpg,1,0
240_8.jpg,1,0
241_1.jpg,1,0
241_3.jpg,1,0
241_4.jpg,1,0
241_6.jpg,1,0
242_1.jpg,1,0
242_2.jpg,1,0
242_3.jpg,1,0
242_4.jpg,1,0
242_5.jpg,1,0
242_6.jpg,1,0
242_7.jpg,1,0
242_8.jpg,1,0
243_1.jpg,1,0
243_2.jpg,1,0
243_3.jpg,1,0
243_4.jpg,1,0
243_6.jpg,1,0
244_4.jpg,1,0
244_5.jpg,1,0
244_6.jpg,1,0
244_7.jpg,1,0
244_8.jpg,1,0
244_9.jpg,1,0
245_1.jpg,1,0
245_3.jpg,1,0
245_4.jpg,1,0
245_5.jpg,1,0
245_6.jpg,1,0
245_7.jpg,1,0
245_8.jpg,1,0
245_9.jpg,1,0
246_4.jpg,1,0
246_5.jpg,1,0
246_6.jpg,1,0
247_1.jpg,1,0
247_4.jpg,1,0
247_7.jpg,1,0
247_8.jpg,1,0
248_1.jpg,1,0
248_2.jpg,1,0
248_3.jpg,1,0
248_4.jpg,1,0
248_5.jpg,1,0
248_7.jpg,1,0
248_8.jpg,1,0
248_9.jpg,1,0
249_1.jpg,1,0
249_3.jpg,1,0
249_4.jpg,1,0
249_5.jpg,1,0
249_6.jpg,1,0
249_7.jpg,1,0
249_8.jpg,1,0
24_1.jpg,0,1
24_2.jpg,0,1
24_3.jpg,0,1
24_4.jpg,0,1
24_5.jpg,0,1
24_6.jpg,0,1
24_8.jpg,0,1
24_9.jpg,0,1
250_1.jpg,1,0
250_3.jpg,1,0
250_4.jpg,1,0
250_5.jpg,1,0
250_6.jpg,1,0
250_7.jpg,1,0
250_9.jpg,1,0
251_2.jpg,1,0
251_3.jpg,1,0
251_4.jpg,1,0
251_5.jpg,1,0
251_8.jpg,1,0
251_9.jpg,1,0
252_1.jpg,1,0
252_4.jpg,1,0
252_5.jpg,1,0
252_6.jpg,1,0
252_7.jpg,1,0
252_9.jpg,1,0
253_1.jpg,1,0
253_2.jpg,1,0
253_3.jpg,1,0
253_5.jpg,1,0
253_6.jpg,1,0
253_7.jpg,1,0
253_8.jpg,1,0
253_9.jpg,1,0
254_2.jpg,1,0
254_3.jpg,1,0
254_4.jpg,1,0
254_5.jpg,1,0
254_6.jpg,1,0
254_7.jpg,1,0
254_8.jpg,1,0
255_1.jpg,1,0
255_2.jpg,1,0
255_3.jpg,1,0
255_4.jpg,1,0
255_5.jpg,1,0
255_6.jpg,1,0
255_7.jpg,1,0
255_8.jpg,1,0
255_9.jpg,1,0
256_1.jpg,1,0
256_2.jpg,1,0
256_3.jpg,1,0
256_4.jpg,1,0
256_5.jpg,1,0
256_6.jpg,1,0
256_7.jpg,1,0
256_8.jpg,1,0
256_9.jpg,1,0
257_1.jpg,1,0
257_2.jpg,1,0
257_3.jpg,1,0
257_4.jpg,1,0
257_5.jpg,1,0
257_6.jpg,1,0
257_7.jpg,1,0
257_8.jpg,1,0
258_1.jpg,1,0
258_2.jpg,1,0
258_3.jpg,1,0
258_4.jpg,1,0
258_5.jpg,1,0
258_6.jpg,1,0
259_1.jpg,1,0
259_2.jpg,1,0
259_3.jpg,1,0
259_4.jpg,1,0
259_5.jpg,1,0
259_6.jpg,1,0
259_7.jpg,1,0
259_8.jpg,1,0
25_1.jpg,0,1
25_2.jpg,0,1
25_3.jpg,0,1
260_1.jpg,0,1
260_2.jpg,0,1
260_3.jpg,0,1
260_4.jpg,0,1
260_5.jpg,0,1
260_6.jpg,0,1
260_7.jpg,0,1
260_9.jpg,0,1
261_1.jpg,0,1
261_3.jpg,0,1
261_4.jpg,0,1
261_5.jpg,0,1
261_6.jpg,0,1
261_7.jpg,0,1
261_8.jpg,0,1
261_9.jpg,0,1
262_2.jpg,0,1
262_4.jpg,0,1
262_5.jpg,0,1
262_6.jpg,0,1
262_7.jpg,0,1
262_8.jpg,0,1
262_9.jpg,0,1
263_1.jpg,0,1
263_2.jpg,0,1
263_3.jpg,0,1
263_4.jpg,0,1
263_5.jpg,0,1
264_1.jpg,0,1
264_3.jpg,0,1
264_6.jpg,0,1
264_7.jpg,0,1
265_1.jpg,0,1
265_2.jpg,0,1
265_3.jpg,0,1
265_4.jpg,0,1
265_5.jpg,0,1
265_6.jpg,0,1
266_1.jpg,0,1
266_4.jpg,0,1
266_5.jpg,0,1
266_6.jpg,0,1
267_1.jpg,0,1
267_2.jpg,0,1
267_3.jpg,0,1
267_4.jpg,0,1
267_5.jpg,0,1
267_6.jpg,0,1
268_3.jpg,0,1
268_5.jpg,0,1
268_7.jpg,0,1
268_8.jpg,0,1
269_1.jpg,0,1
269_2.jpg,0,1
269_3.jpg,0,1
269_4.jpg,0,1
269_5.jpg,0,1
269_6.jpg,0,1
26_1.jpg,0,1
26_2.jpg,0,1
26_3.jpg,0,1
26_4.jpg,0,1
26_5.jpg,0,1
26_6.jpg,0,1
26_7.jpg,0,1
26_8.jpg,0,1
26_9.jpg,0,1
270_1.jpg,0,1
270_2.jpg,0,1
270_3.jpg,0,1
270_4.jpg,0,1
270_5.jpg,0,1
270_6.jpg,0,1
271_1.jpg,0,1
271_3.jpg,0,1
271_4.jpg,0,1
271_5.jpg,0,1
271_6.jpg,0,1
271_8.jpg,0,1
271_9.jpg,0,1
272_1.jpg,0,1
272_2.jpg,0,1
272_3.jpg,0,1
272_6.jpg,0,1
272_7.jpg,0,1
272_9.jpg,0,1
273_1.jpg,0,1
273_3.jpg,0,1
273_4.jpg,0,1
273_5.jpg,0,1
273_6.jpg,0,1
274_2.jpg,0,1
274_3.jpg,0,1
274_4.jpg,0,1
274_5.jpg,0,1
274_6.jpg,0,1
274_7.jpg,0,1
274_8.jpg,0,1
275_1.jpg,0,1
275_2.jpg,0,1
275_3.jpg,0,1
275_4.jpg,0,1
275_5.jpg,0,1
276_1.jpg,0,1
276_2.jpg,0,1
276_3.jpg,0,1
276_5.jpg,0,1
276_6.jpg,0,1
276_7.jpg,0,1
276_8.jpg,0,1
276_9.jpg,0,1
277_1.jpg,0,1
277_2.jpg,0,1
277_3.jpg,0,1
277_4.jpg,0,1
277_5.jpg,0,1
277_6.jpg,0,1
277_7.jpg,0,1
277_8.jpg,0,1
277_9.jpg,0,1
278_2.jpg,0,1
278_3.jpg,0,1
278_4.jpg,0,1
278_5.jpg,0,1
279_1.jpg,0,1
279_2.jpg,0,1
279_4.jpg,0,1
279_5.jpg,0,1
279_6.jpg,0,1
279_7.jpg,0,1
279_9.jpg,0,1
27_1.jpg,0,1
27_2.jpg,0,1
27_3.jpg,0,1
27_5.jpg,0,1
27_6.jpg,0,1
27_7.jpg,0,1
27_8.jpg,0,1
27_9.jpg,0,1
280_1.jpg,0,1
280_2.jpg,0,1
280_3.jpg,0,1
280_4.jpg,0,1
280_5.jpg,0,1
280_7.jpg,0,1
280_8.jpg,0,1
281_1.jpg,0,1
281_2.jpg,0,1
281_3.jpg,0,1
281_4.jpg,0,1
281_6.jpg,0,1
281_7.jpg,0,1
281_8.jpg,0,1
281_9.jpg,0,1
282_1.jpg,0,1
282_3.jpg,0,1
282_5.jpg,0,1
282_6.jpg,0,1
282_7.jpg,0,1
282_8.jpg,0,1
282_9.jpg,0,1
283_1.jpg,0,1
283_3.jpg,0,1
283_4.jpg,0,1
283_5.jpg,0,1
283_7.jpg,0,1
283_8.jpg,0,1
283_9.jpg,0,1
284_1.jpg,0,1
284_2.jpg,0,1
284_3.jpg,0,1
284_4.jpg,0,1
284_5.jpg,0,1
284_6.jpg,0,1
285_2.jpg,0,1
285_4.jpg,0,1
285_5.jpg,0,1
285_6.jpg,0,1
285_8.jpg,0,1
285_9.jpg,0,1
286_1.jpg,0,1
286_2.jpg,0,1
286_3.jpg,0,1
286_4.jpg,0,1
286_5.jpg,0,1
286_6.jpg,0,1
287_1.jpg,0,1
287_4.jpg,0,1
287_5.jpg,0,1
287_6.jpg,0,1
287_7.jpg,0,1
287_8.jpg,0,1
288_1.jpg,0,1
288_2.jpg,0,1
288_3.jpg,0,1
288_4.jpg,0,1
288_6.jpg,0,1
288_7.jpg,0,1
289_1.jpg,0,1
289_2.jpg,0,1
289_3.jpg,0,1
289_5.jpg,0,1
289_8.jpg,0,1
28_1.jpg,0,1
28_2.jpg,0,1
28_3.jpg,0,1
28_4.jpg,0,1
28_5.jpg,0,1
28_7.jpg,0,1
28_8.jpg,0,1
28_9.jpg,0,1
290_1.jpg,1,0
290_2.jpg,1,0
290_3.jpg,1,0
290_4.jpg,1,0
290_5.jpg,1,0
290_6.jpg,1,0
290_7.jpg,1,0
290_8.jpg,1,0
290_9.jpg,1,0
291_1.jpg,1,0
291_2.jpg,1,0
291_3.jpg,1,0
291_4.jpg,1,0
291_6.jpg,1,0
291_7.jpg,1,0
291_8.jpg,1,0
291_9.jpg,1,0
292_1.jpg,1,0
292_2.jpg,1,0
292_3.jpg,1,0
292_4.jpg,1,0
292_5.jpg,1,0
292_6.jpg,1,0
292_7.jpg,1,0
293_1.jpg,1,0
293_2.jpg,1,0
293_3.jpg,1,0
293_4.jpg,1,0
293_5.jpg,1,0
294_4.jpg,1,0
294_6.jpg,1,0
295_1.jpg,1,0
295_2.jpg,1,0
295_3.jpg,1,0
295_4.jpg,1,0
295_5.jpg,1,0
295_6.jpg,1,0
295_7.jpg,1,0
296_1.jpg,1,0
296_2.jpg,1,0
296_3.jpg,1,0
296_4.jpg,1,0
296_5.jpg,1,0
296_6.jpg,1,0
296_8.jpg,1,0
296_9.jpg,1,0
297_1.jpg,1,0
297_2.jpg,1,0
297_3.jpg,1,0
297_5.jpg,1,0
298_1.jpg,1,0
298_2.jpg,1,0
298_3.jpg,1,0
298_4.jpg,1,0
298_5.jpg,1,0
298_6.jpg,1,0
298_7.jpg,1,0
299_1.jpg,1,0
299_2.jpg,1,0
299_3.jpg,1,0
299_4.jpg,1,0
299_5.jpg,1,0
299_6.jpg,1,0
299_7.jpg,1,0
29_1.jpg,0,1
29_2.jpg,0,1
29_3.jpg,0,1
29_4.jpg,0,1
29_5.jpg,0,1
29_6.jpg,0,1
29_7.jpg,0,1
29_9.jpg,0,1
2_1.jpg,0,1
2_2.jpg,0,1
2_3.jpg,0,1
2_4.jpg,0,1
2_5.jpg,0,1
2_6.jpg,0,1
2_7.jpg,0,1
2_8.jpg,0,1
2_9.jpg,0,1
300_1.jpg,1,0
300_2.jpg,1,0
300_3.jpg,1,0
300_4.jpg,1,0
300_5.jpg,1,0
300_6.jpg,1,0
300_7.jpg,1,0
300_8.jpg,1,0
300_9.jpg,1,0
301_2.jpg,1,0
301_3.jpg,1,0
301_4.jpg,1,0
301_5.jpg,1,0
301_6.jpg,1,0
301_7.jpg,1,0
301_8.jpg,1,0
301_9.jpg,1,0
302_1.jpg,1,0
302_2.jpg,1,0
302_3.jpg,1,0
302_4.jpg,1,0
302_5.jpg,1,0
303_1.jpg,1,0
303_2.jpg,1,0
303_3.jpg,1,0
303_4.jpg,1,0
303_5.jpg,1,0
303_6.jpg,1,0
303_7.jpg,1,0
303_9.jpg,1,0
304_1.jpg,1,0
304_2.jpg,1,0
304_4.jpg,1,0
304_5.jpg,1,0
304_7.jpg,1,0
304_8.jpg,1,0
304_9.jpg,1,0
305_1.jpg,1,0
305_2.jpg,1,0
305_3.jpg,1,0
305_4.jpg,1,0
305_5.jpg,1,0
305_6.jpg,1,0
305_8.jpg,1,0
305_9.jpg,1,0
306_1.jpg,1,0
306_2.jpg,1,0
306_4.jpg,1,0
306_5.jpg,1,0
307_1.jpg,1,0
307_2.jpg,1,0
307_3.jpg,1,0
307_4.jpg,1,0
307_6.jpg,1,0
308_1.jpg,1,0
308_2.jpg,1,0
308_3.jpg,1,0
308_4.jpg,1,0
308_5.jpg,1,0
308_6.jpg,1,0
308_7.jpg,1,0
308_8.jpg,1,0
309_1.jpg,1,0
309_2.jpg,1,0
309_3.jpg,1,0
309_4.jpg,1,0
309_5.jpg,1,0
309_6.jpg,1,0
309_7.jpg,1,0
30_1.jpg,0,1
30_2.jpg,0,1
30_3.jpg,0,1
30_5.jpg,0,1
30_6.jpg,0,1
30_7.jpg,0,1
30_9.jpg,0,1
310_1.jpg,1,0
310_2.jpg,1,0
310_4.jpg,1,0
310_5.jpg,1,0
310_7.jpg,1,0
310_8.jpg,1,0
310_9.jpg,1,0
311_1.jpg,1,0
311_2.jpg,1,0
311_3.jpg,1,0
311_6.jpg,1,0
311_7.jpg,1,0
311_8.jpg,1,0
312_1.jpg,1,0
312_2.jpg,1,0
312_3.jpg,1,0
312_4.jpg,1,0
312_5.jpg,1,0
312_6.jpg,1,0
312_7.jpg,1,0
312_8.jpg,1,0
312_9.jpg,1,0
313_1.jpg,1,0
313_2.jpg,1,0
313_3.jpg,1,0
313_4.jpg,1,0
313_5.jpg,1,0
313_6.jpg,1,0
313_7.jpg,1,0
313_8.jpg,1,0
313_9.jpg,1,0
314_1.jpg,1,0
314_3.jpg,1,0
314_6.jpg,1,0
314_7.jpg,1,0
314_8.jpg,1,0
315_1.jpg,1,0
315_4.jpg,1,0
315_5.jpg,1,0
315_6.jpg,1,0
315_7.jpg,1,0
315_8.jpg,1,0
315_9.jpg,1,0
316_2.jpg,1,0
316_3.jpg,1,0
316_4.jpg,1,0
316_5.jpg,1,0
316_6.jpg,1,0
316_7.jpg,1,0
316_8.jpg,1,0
317_1.jpg,1,0
317_3.jpg,1,0
317_4.jpg,1,0
317_5.jpg,1,0
318_1.jpg,1,0
318_2.jpg,1,0
318_3.jpg,1,0
318_4.jpg,1,0
318_6.jpg,1,0
318_8.jpg,1,0
319_1.jpg,1,0
319_2.jpg,1,0
319_3.jpg,1,0
319_4.jpg,1,0
319_5.jpg,1,0
319_8.jpg,1,0
319_9.jpg,1,0
31_1.jpg,0,1
31_2.jpg,0,1
31_3.jpg,0,1
31_4.jpg,0,1
31_5.jpg,0,1
31_6.jpg,0,1
31_7.jpg,0,1
31_8.jpg,0,1
31_9.jpg,0,1
320_1.jpg,1,0
320_2.jpg,1,0
320_3.jpg,1,0
320_6.jpg,1,0
320_7.jpg,1,0
320_8.jpg,1,0
320_9.jpg,1,0
321_1.jpg,1,0
321_4.jpg,1,0
321_5.jpg,1,0
321_6.jpg,1,0
322_1.jpg,1,0
322_2.jpg,1,0
322_3.jpg,1,0
322_4.jpg,1,0
322_5.jpg,1,0
323_3.jpg,1,0
323_5.jpg,1,0
323_6.jpg,1,0
324_1.jpg,1,0
324_2.jpg,1,0
324_3.jpg,1,0
324_4.jpg,1,0
324_6.jpg,1,0
325_3.jpg,1,0
325_4.jpg,1,0
325_5.jpg,1,0
326_1.jpg,1,0
326_2.jpg,1,0
326_5.jpg,1,0
327_1.jpg,1,0
327_2.jpg,1,0
327_3.jpg,1,0
327_7.jpg,1,0
328_1.jpg,1,0
328_2.jpg,1,0
328_3.jpg,1,0
328_4.jpg,1,0
328_5.jpg,1,0
328_6.jpg,1,0
328_7.jpg,1,0
328_8.jpg,1,0
329_2.jpg,1,0
329_3.jpg,1,0
329_4.jpg,1,0
329_5.jpg,1,0
329_7.jpg,1,0
329_8.jpg,1,0
329_9.jpg,1,0
32_1.jpg,0,1
32_2.jpg,0,1
32_3.jpg,0,1
32_4.jpg,0,1
32_5.jpg,0,1
32_7.jpg,0,1
32_8.jpg,0,1
32_9.jpg,0,1
330_1.jpg,1,0
330_2.jpg,1,0
330_3.jpg,1,0
330_4.jpg,1,0
330_5.jpg,1,0
330_7.jpg,1,0
330_8.jpg,1,0
330_9.jpg,1,0
331_5.jpg,1,0
331_9.jpg,1,0
332_1.jpg,1,0
332_3.jpg,1,0
332_4.jpg,1,0
332_5.jpg,1,0
332_6.jpg,1,0
332_8.jpg,1,0
333_1.jpg,1,0
333_2.jpg,1,0
333_3.jpg,1,0
333_4.jpg,1,0
333_6.jpg,1,0
333_7.jpg,1,0
333_8.jpg,1,0
333_9.jpg,1,0
334_1.jpg,1,0
334_2.jpg,1,0
334_4.jpg,1,0
334_5.jpg,1,0
334_6.jpg,1,0
334_7.jpg,1,0
334_9.jpg,1,0
335_1.jpg,1,0
335_2.jpg,1,0
335_3.jpg,1,0
335_4.jpg,1,0
335_5.jpg,1,0
335_6.jpg,1,0
335_7.jpg,1,0
335_8.jpg,1,0
335_9.jpg,1,0
336_1.jpg,1,0
336_2.jpg,1,0
336_3.jpg,1,0
336_4.jpg,1,0
336_5.jpg,1,0
336_6.jpg,1,0
337_2.jpg,1,0
337_4.jpg,1,0
338_2.jpg,1,0
338_3.jpg,1,0
338_5.jpg,1,0
338_6.jpg,1,0
339_2.jpg,1,0
339_3.jpg,1,0
339_4.jpg,1,0
339_6.jpg,1,0
339_7.jpg,1,0
33_1.jpg,0,1
33_2.jpg,0,1
33_3.jpg,0,1
33_4.jpg,0,1
33_5.jpg,0,1
33_6.jpg,0,1
33_7.jpg,0,1
33_8.jpg,0,1
340_3.jpg,1,0
340_4.jpg,1,0
340_6.jpg,1,0
340_8.jpg,1,0
340_9.jpg,1,0
341_1.jpg,1,0
341_2.jpg,1,0
341_5.jpg,1,0
341_6.jpg,1,0
341_8.jpg,1,0
342_1.jpg,1,0
342_4.jpg,1,0
342_5.jpg,1,0
342_6.jpg,1,0
343_1.jpg,1,0
343_2.jpg,1,0
343_4.jpg,1,0
343_5.jpg,1,0
343_6.jpg,1,0
343_7.jpg,1,0
343_8.jpg,1,0
343_9.jpg,1,0
344_1.jpg,1,0
344_3.jpg,1,0
344_4.jpg,1,0
344_5.jpg,1,0
344_6.jpg,1,0
344_7.jpg,1,0
344_8.jpg,1,0
344_9.jpg,1,0
345_1.jpg,1,0
345_2.jpg,1,0
345_6.jpg,1,0
345_7.jpg,1,0
345_8.jpg,1,0
346_1.jpg,1,0
346_2.jpg,1,0
346_3.jpg,1,0
346_4.jpg,1,0
346_5.jpg,1,0
346_6.jpg,1,0
346_7.jpg,1,0
346_8.jpg,1,0
346_9.jpg,1,0
347_1.jpg,1,0
347_2.jpg,1,0
347_5.jpg,1,0
347_6.jpg,1,0
347_7.jpg,1,0
347_8.jpg,1,0
348_1.jpg,1,0
348_2.jpg,1,0
348_6.jpg,1,0
348_7.jpg,1,0
348_8.jpg,1,0
348_9.jpg,1,0
349_1.jpg,1,0
349_4.jpg,1,0
349_5.jpg,1,0
349_6.jpg,1,0
34_1.jpg,0,1
34_2.jpg,0,1
34_3.jpg,0,1
34_4.jpg,0,1
34_5.jpg,0,1
34_6.jpg,0,1
34_8.jpg,0,1
34_9.jpg,0,1
350_1.jpg,1,0
350_2.jpg,1,0
350_3.jpg,1,0
350_4.jpg,1,0
350_5.jpg,1,0
350_6.jpg,1,0
350_7.jpg,1,0
350_8.jpg,1,0
350_9.jpg,1,0
351_1.jpg,1,0
351_3.jpg,1,0
351_4.jpg,1,0
351_5.jpg,1,0
351_6.jpg,1,0
351_7.jpg,1,0
352_1.jpg,1,0
352_2.jpg,1,0
352_3.jpg,1,0
352_4.jpg,1,0
352_5.jpg,1,0
352_6.jpg,1,0
352_7.jpg,1,0
352_8.jpg,1,0
352_9.jpg,1,0
353_1.jpg,1,0
353_2.jpg,1,0
353_3.jpg,1,0
353_4.jpg,1,0
353_5.jpg,1,0
353_6.jpg,1,0
353_7.jpg,1,0
353_8.jpg,1,0
353_9.jpg,1,0
354_1.jpg,1,0
354_2.jpg,1,0
354_3.jpg,1,0
354_4.jpg,1,0
354_5.jpg,1,0
354_6.jpg,1,0
354_7.jpg,1,0
354_8.jpg,1,0
354_9.jpg,1,0
355_1.jpg,1,0
355_2.jpg,1,0
355_3.jpg,1,0
355_4.jpg,1,0
355_5.jpg,1,0
355_6.jpg,1,0
355_7.jpg,1,0
355_8.jpg,1,0
355_9.jpg,1,0
356_1.jpg,1,0
356_3.jpg,1,0
356_4.jpg,1,0
356_6.jpg,1,0
356_8.jpg,1,0
357_1.jpg,1,0
357_2.jpg,1,0
357_3.jpg,1,0
357_4.jpg,1,0
357_5.jpg,1,0
357_6.jpg,1,0
357_9.jpg,1,0
358_1.jpg,1,0
358_2.jpg,1,0
358_3.jpg,1,0
358_5.jpg,1,0
358_7.jpg,1,0
358_9.jpg,1,0
359_2.jpg,1,0
359_3.jpg,1,0
359_4.jpg,1,0
359_5.jpg,1,0
359_6.jpg,1,0
359_7.jpg,1,0
359_9.jpg,1,0
35_1.jpg,0,1
35_2.jpg,0,1
35_3.jpg,0,1
35_8.jpg,0,1
35_9.jpg,0,1
360_1.jpg,1,0
360_2.jpg,1,0
360_3.jpg,1,0
360_4.jpg,1,0
360_5.jpg,1,0
361_1.jpg,1,0
361_2.jpg,1,0
361_3.jpg,1,0
361_4.jpg,1,0
361_5.jpg,1,0
361_6.jpg,1,0
361_7.jpg,1,0
361_8.jpg,1,0
361_9.jpg,1,0
362_1.jpg,1,0
362_2.jpg,1,0
362_3.jpg,1,0
362_4.jpg,1,0
362_5.jpg,1,0
362_6.jpg,1,0
362_7.jpg,1,0
363_1.jpg,1,0
363_3.jpg,1,0
363_5.jpg,1,0
364_1.jpg,1,0
364_2.jpg,1,0
364_3.jpg,1,0
364_4.jpg,1,0
364_5.jpg,1,0
364_6.jpg,1,0
365_1.jpg,1,0
365_3.jpg,1,0
365_5.jpg,1,0
365_7.jpg,1,0
365_9.jpg,1,0
366_1.jpg,1,0
366_3.jpg,1,0
366_4.jpg,1,0
366_5.jpg,1,0
366_6.jpg,1,0
366_7.jpg,1,0
366_8.jpg,1,0
367_1.jpg,1,0
367_2.jpg,1,0
367_3.jpg,1,0
367_4.jpg,1,0
367_5.jpg,1,0
367_6.jpg,1,0
367_7.jpg,1,0
367_8.jpg,1,0
367_9.jpg,1,0
368_1.jpg,1,0
368_2.jpg,1,0
368_4.jpg,1,0
368_5.jpg,1,0
368_6.jpg,1,0
368_7.jpg,1,0
368_8.jpg,1,0
368_9.jpg,1,0
369_1.jpg,1,0
369_2.jpg,1,0
369_3.jpg,1,0
369_4.jpg,1,0
369_5.jpg,1,0
369_6.jpg,1,0
369_8.jpg,1,0
369_9.jpg,1,0
36_1.jpg,0,1
36_2.jpg,0,1
36_3.jpg,0,1
36_4.jpg,0,1
36_5.jpg,0,1
36_6.jpg,0,1
36_7.jpg,0,1
370_1.jpg,1,0
370_2.jpg,1,0
370_3.jpg,1,0
370_4.jpg,1,0
370_5.jpg,1,0
370_6.jpg,1,0
370_7.jpg,1,0
370_8.jpg,1,0
371_2.jpg,1,0
371_3.jpg,1,0
371_5.jpg,1,0
371_6.jpg,1,0
371_7.jpg,1,0
371_9.jpg,1,0
372_2.jpg,1,0
372_5.jpg,1,0
372_6.jpg,1,0
372_7.jpg,1,0
372_8.jpg,1,0
372_9.jpg,1,0
373_1.jpg,1,0
373_2.jpg,1,0
373_3.jpg,1,0
373_4.jpg,1,0
373_5.jpg,1,0
373_6.jpg,1,0
373_7.jpg,1,0
373_8.jpg,1,0
373_9.jpg,1,0
374_1.jpg,1,0
374_2.jpg,1,0
374_3.jpg,1,0
374_4.jpg,1,0
374_5.jpg,1,0
374_6.jpg,1,0
374_7.jpg,1,0
374_8.jpg,1,0
374_9.jpg,1,0
375_1.jpg,1,0
376_1.jpg,1,0
376_2.jpg,1,0
376_3.jpg,1,0
376_4.jpg,1,0
376_5.jpg,1,0
376_6.jpg,1,0
376_7.jpg,1,0
376_8.jpg,1,0
377_1.jpg,1,0
377_2.jpg,1,0
377_6.jpg,1,0
377_8.jpg,1,0
377_9.jpg,1,0
378_1.jpg,1,0
378_2.jpg,1,0
378_3.jpg,1,0
378_4.jpg,1,0
378_5.jpg,1,0
378_6.jpg,1,0
378_7.jpg,1,0
379_1.jpg,1,0
379_3.jpg,1,0
379_4.jpg,1,0
379_5.jpg,1,0
379_6.jpg,1,0
379_7.jpg,1,0
37_1.jpg,0,1
37_3.jpg,0,1
37_4.jpg,0,1
37_5.jpg,0,1
37_6.jpg,0,1
37_7.jpg,0,1
37_9.jpg,0,1
380_1.jpg,1,0
380_2.jpg,1,0
380_3.jpg,1,0
380_6.jpg,1,0
380_7.jpg,1,0
381_1.jpg,1,0
381_2.jpg,1,0
381_3.jpg,1,0
381_4.jpg,1,0
381_5.jpg,1,0
382_1.jpg,1,0
382_2.jpg,1,0
382_3.jpg,1,0
382_4.jpg,1,0
383_1.jpg,1,0
383_3.jpg,1,0
383_4.jpg,1,0
384_2.jpg,1,0
384_3.jpg,1,0
384_4.jpg,1,0
384_5.jpg,1,0
384_6.jpg,1,0
384_7.jpg,1,0
384_8.jpg,1,0
384_9.jpg,1,0
385_1.jpg,1,0
385_2.jpg,1,0
385_5.jpg,1,0
385_6.jpg,1,0
385_7.jpg,1,0
385_9.jpg,1,0
386_3.jpg,1,0
386_4.jpg,1,0
386_5.jpg,1,0
386_6.jpg,1,0
387_1.jpg,1,0
387_3.jpg,1,0
387_4.jpg,1,0
387_5.jpg,1,0
387_7.jpg,1,0
388_1.jpg,1,0
388_2.jpg,1,0
388_3.jpg,1,0
388_5.jpg,1,0
388_6.jpg,1,0
388_7.jpg,1,0
388_8.jpg,1,0
388_9.jpg,1,0
389_3.jpg,1,0
389_6.jpg,1,0
389_7.jpg,1,0
389_8.jpg,1,0
389_9.jpg,1,0
38_1.jpg,0,1
38_3.jpg,0,1
38_4.jpg,0,1
38_5.jpg,0,1
38_6.jpg,0,1
390_1.jpg,1,0
390_2.jpg,1,0
390_4.jpg,1,0
390_5.jpg,1,0
391_1.jpg,1,0
391_2.jpg,1,0
391_3.jpg,1,0
391_4.jpg,1,0
391_5.jpg,1,0
391_6.jpg,1,0
391_7.jpg,1,0
391_8.jpg,1,0
392_1.jpg,1,0
392_2.jpg,1,0
392_5.jpg,1,0
392_6.jpg,1,0
392_7.jpg,1,0
392_8.jpg,1,0
392_9.jpg,1,0
393_3.jpg,1,0
393_4.jpg,1,0
393_5.jpg,1,0
393_6.jpg,1,0
394_2.jpg,1,0
394_3.jpg,1,0
394_4.jpg,1,0
39_1.jpg,0,1
39_2.jpg,0,1
39_3.jpg,0,1
39_4.jpg,0,1
39_5.jpg,0,1
39_6.jpg,0,1
39_7.jpg,0,1
39_8.jpg,0,1
39_9.jpg,0,1
3_1.jpg,0,1
3_3.jpg,0,1
3_5.jpg,0,1
40_1.jpg,0,1
40_2.jpg,0,1
40_3.jpg,0,1
40_4.jpg,0,1
40_5.jpg,0,1
41_1.jpg,0,1
41_2.jpg,0,1
41_3.jpg,0,1
41_4.jpg,0,1
41_5.jpg,0,1
41_6.jpg,0,1
41_7.jpg,0,1
41_8.jpg,0,1
42_1.jpg,0,1
42_2.jpg,0,1
42_3.jpg,0,1
42_4.jpg,0,1
42_5.jpg,0,1
42_6.jpg,0,1
42_7.jpg,0,1
42_8.jpg,0,1
43_1.jpg,1,0
43_6.jpg,1,0
43_7.jpg,1,0
43_8.jpg,1,0
44_1.jpg,1,0
44_2.jpg,1,0
44_3.jpg,1,0
44_4.jpg,1,0
44_5.jpg,1,0
44_6.jpg,1,0
44_7.jpg,1,0
44_8.jpg,1,0
44_9.jpg,1,0
45_1.jpg,1,0
45_2.jpg,1,0
45_3.jpg,1,0
45_4.jpg,1,0
45_5.jpg,1,0
45_6.jpg,1,0
45_7.jpg,1,0
45_8.jpg,1,0
45_9.jpg,1,0
46_1.jpg,1,0
46_3.jpg,1,0
46_5.jpg,1,0
47_1.jpg,1,0
47_2.jpg,1,0
47_3.jpg,1,0
47_4.jpg,1,0
47_5.jpg,1,0
48_1.jpg,1,0
48_2.jpg,1,0
48_3.jpg,1,0
48_4.jpg,1,0
48_5.jpg,1,0
48_6.jpg,1,0
49_1.jpg,1,0
49_2.jpg,1,0
49_3.jpg,1,0
49_4.jpg,1,0
49_5.jpg,1,0
49_6.jpg,1,0
49_7.jpg,1,0
49_8.jpg,1,0
4_1.jpg,0,1
4_2.jpg,0,1
4_3.jpg,0,1
4_4.jpg,0,1
4_5.jpg,0,1
4_6.jpg,0,1
4_7.jpg,0,1
50_1.jpg,1,0
50_2.jpg,1,0
50_3.jpg,1,0
50_4.jpg,1,0
50_5.jpg,1,0
50_6.jpg,1,0
50_7.jpg,1,0
50_8.jpg,1,0
50_9.jpg,1,0
51_1.jpg,1,0
51_2.jpg,1,0
51_3.jpg,1,0
51_4.jpg,1,0
51_5.jpg,1,0
51_6.jpg,1,0
51_8.jpg,1,0
51_9.jpg,1,0
52_2.jpg,1,0
52_3.jpg,1,0
52_4.jpg,1,0
52_5.jpg,1,0
52_6.jpg,1,0
52_7.jpg,1,0
52_8.jpg,1,0
52_9.jpg,1,0
53_2.jpg,1,0
53_4.jpg,1,0
53_6.jpg,1,0
53_7.jpg,1,0
53_8.jpg,1,0
54_1.jpg,1,0
54_3.jpg,1,0
54_5.jpg,1,0
54_6.jpg,1,0
54_7.jpg,1,0
55_1.jpg,1,0
55_2.jpg,1,0
55_3.jpg,1,0
55_9.jpg,1,0
56_1.jpg,1,0
56_2.jpg,1,0
56_4.jpg,1,0
56_5.jpg,1,0
56_6.jpg,1,0
56_7.jpg,1,0
57_1.jpg,1,0
57_2.jpg,1,0
57_3.jpg,1,0
57_4.jpg,1,0
57_5.jpg,1,0
57_6.jpg,1,0
57_7.jpg,1,0
57_8.jpg,1,0
57_9.jpg,1,0
58_3.jpg,1,0
58_4.jpg,1,0
58_5.jpg,1,0
59_1.jpg,1,0
59_2.jpg,1,0
59_3.jpg,1,0
59_4.jpg,1,0
59_5.jpg,1,0
59_6.jpg,1,0
59_7.jpg,1,0
5_1.jpg,0,1
5_2.jpg,0,1
5_3.jpg,0,1
5_4.jpg,0,1
5_5.jpg,0,1
5_6.jpg,0,1
5_7.jpg,0,1
5_8.jpg,0,1
60_1.jpg,1,0
60_2.jpg,1,0
60_3.jpg,1,0
60_4.jpg,1,0
60_5.jpg,1,0
60_6.jpg,1,0
60_7.jpg,1,0
60_8.jpg,1,0
60_9.jpg,1,0
61_1.jpg,1,0
61_2.jpg,1,0
61_3.jpg,1,0
61_4.jpg,1,0
61_5.jpg,1,0
61_6.jpg,1,0
62_1.jpg,1,0
62_2.jpg,1,0
62_3.jpg,1,0
62_4.jpg,1,0
62_6.jpg,1,0
62_7.jpg,1,0
63_1.jpg,1,0
63_2.jpg,1,0
63_3.jpg,1,0
63_4.jpg,1,0
63_5.jpg,1,0
64_1.jpg,1,0
64_2.jpg,1,0
64_3.jpg,1,0
64_5.jpg,1,0
64_7.jpg,1,0
64_8.jpg,1,0
64_9.jpg,1,0
65_1.jpg,1,0
65_2.jpg,1,0
65_3.jpg,1,0
66_1.jpg,1,0
66_2.jpg,1,0
66_3.jpg,1,0
66_5.jpg,1,0
66_6.jpg,1,0
66_7.jpg,1,0
66_8.jpg,1,0
66_9.jpg,1,0
67_1.jpg,1,0
67_2.jpg,1,0
67_3.jpg,1,0
67_4.jpg,1,0
67_5.jpg,1,0
67_6.jpg,1,0
67_7.jpg,1,0
67_8.jpg,1,0
67_9.jpg,1,0
68_1.jpg,1,0
68_2.jpg,1,0
68_3.jpg,1,0
68_4.jpg,1,0
68_5.jpg,1,0
69_1.jpg,1,0
69_2.jpg,1,0
69_3.jpg,1,0
69_4.jpg,1,0
69_5.jpg,1,0
69_6.jpg,1,0
69_7.jpg,1,0
69_8.jpg,1,0
69_9.jpg,1,0
6_1.jpg,0,1
6_2.jpg,0,1
6_3.jpg,0,1
6_4.jpg,0,1
6_5.jpg,0,1
6_6.jpg,0,1
71_1.jpg,1,0
71_3.jpg,1,0
71_4.jpg,1,0
71_5.jpg,1,0
72_1.jpg,1,0
72_2.jpg,1,0
72_3.jpg,1,0
72_4.jpg,1,0
72_5.jpg,1,0
73_1.jpg,1,0
73_2.jpg,1,0
73_4.jpg,1,0
73_5.jpg,1,0
74_1.jpg,1,0
74_4.jpg,1,0
74_6.jpg,1,0
75_1.jpg,1,0
75_2.jpg,1,0
75_3.jpg,1,0
75_4.jpg,1,0
75_5.jpg,1,0
76_1.jpg,1,0
76_2.jpg,1,0
76_3.jpg,1,0
77_2.jpg,1,0
77_3.jpg,1,0
77_4.jpg,1,0
77_5.jpg,1,0
77_6.jpg,1,0
78_1.jpg,1,0
78_2.jpg,1,0
78_3.jpg,1,0
78_4.jpg,1,0
78_5.jpg,1,0
78_6.jpg,1,0
78_7.jpg,1,0
79_1.jpg,1,0
79_2.jpg,1,0
79_3.jpg,1,0
79_4.jpg,1,0
79_5.jpg,1,0
79_6.jpg,1,0
7_1.jpg,0,1
7_2.jpg,0,1
7_3.jpg,0,1
7_4.jpg,0,1
7_5.jpg,0,1
7_6.jpg,0,1
7_7.jpg,0,1
7_8.jpg,0,1
80_1.jpg,1,0
80_2.jpg,1,0
80_3.jpg,1,0
80_4.jpg,1,0
80_5.jpg,1,0
81_1.jpg,1,0
81_2.jpg,1,0
81_3.jpg,1,0
81_4.jpg,1,0
81_5.jpg,1,0
81_6.jpg,1,0
81_7.jpg,1,0
82_2.jpg,1,0
82_3.jpg,1,0
82_4.jpg,1,0
82_5.jpg,1,0
82_6.jpg,1,0
83_2.jpg,1,0
83_3.jpg,1,0
83_4.jpg,1,0
83_5.jpg,1,0
83_6.jpg,1,0
83_7.jpg,1,0
84_1.jpg,1,0
84_2.jpg,1,0
84_3.jpg,1,0
84_4.jpg,1,0
84_5.jpg,1,0
84_6.jpg,1,0
85_1.jpg,1,0
85_2.jpg,1,0
85_3.jpg,1,0
86_1.jpg,1,0
86_2.jpg,1,0
86_3.jpg,1,0
86_4.jpg,1,0
86_5.jpg,1,0
87_1.jpg,0,1
87_2.jpg,0,1
87_3.jpg,0,1
87_4.jpg,0,1
87_5.jpg,0,1
87_6.jpg,0,1
88_1.jpg,0,1
88_2.jpg,0,1
88_3.jpg,0,1
88_4.jpg,0,1
89_1.jpg,0,1
89_2.jpg,0,1
89_3.jpg,0,1
89_4.jpg,0,1
89_6.jpg,0,1
8_1.jpg,0,1
8_8.jpg,0,1
8_9.jpg,0,1
90_1.jpg,0,1
90_2.jpg,0,1
90_4.jpg,0,1
90_5.jpg,0,1
90_6.jpg,0,1
90_7.jpg,0,1
91_1.jpg,0,1
91_2.jpg,0,1
91_4.jpg,0,1
91_5.jpg,0,1
91_7.jpg,0,1
91_8.jpg,0,1
92_1.jpg,0,1
92_2.jpg,0,1
92_3.jpg,0,1
92_4.jpg,0,1
92_5.jpg,0,1
92_6.jpg,0,1
92_8.jpg,0,1
93_1.jpg,0,1
93_2.jpg,0,1
93_3.jpg,0,1
93_4.jpg,0,1
93_5.jpg,0,1
93_6.jpg,0,1
93_7.jpg,0,1
93_8.jpg,0,1
93_9.jpg,0,1
94_1.jpg,0,1
94_2.jpg,0,1
94_3.jpg,0,1
94_4.jpg,0,1
94_5.jpg,0,1
95_1.jpg,0,1
95_2.jpg,0,1
95_5.jpg,0,1
95_6.jpg,0,1
95_7.jpg,0,1
95_8.jpg,0,1
96_1.jpg,0,1
96_2.jpg,0,1
96_3.jpg,0,1
96_4.jpg,0,1
96_5.jpg,0,1
96_6.jpg,0,1
96_7.jpg,0,1
96_8.jpg,0,1
96_9.jpg,0,1
97_2.jpg,0,1
97_3.jpg,0,1
97_5.jpg,0,1
97_6.jpg,0,1
98_2.jpg,0,1
98_3.jpg,0,1
98_4.jpg,0,1
98_5.jpg,0,1
98_6.jpg,0,1
98_7.jpg,0,1
99_1.jpg,0,1
99_2.jpg,0,1
99_3.jpg,0,1
99_4.jpg,0,1
99_5.jpg,0,1
9_1.jpg,0,1
9_2.jpg,0,1
9_3.jpg,0,1
9_4.jpg,0,1
9_5.jpg,0,1
9_6.jpg,0,1
9_7.jpg,0,1
